weather_severity,port_congestion,labor_stability,distance_km,delay_hours
3.745401188473625,1.8513292883861965,2.6170568373590597,3396.2446716236004,54.24909653904934
9.50714306409916,5.419009473783581,2.469787990719998,4003.7388462377244,76.0022076999949
7.319939418114051,8.729458358764083,9.062545805210366,1327.292704083245,45.800929483271894
5.986584841970366,7.322248864095612,2.495461998495061,3161.883088074295,67.32067669578387
1.5601864044243652,8.065611478614498,2.71949726128631,2901.5553174043685,57.88218359549219
1.5599452033620265,6.587833667107174,7.593982624179637,4180.868846262529,61.63500707293033
0.5808361216819946,6.922765645178525,4.4973984245054,4539.826596358176,66.7703104980797
8.661761457749352,8.491956515653193,7.767105569551812,159.56818023919536,34.547452095093725
6.011150117432088,2.4966800885918596,0.6536615756438524,3402.697603388084,57.85189244274587
7.080725777960454,4.894249636431405,4.875711936733843,353.99541568667223,31.837061957992336
0.20584494295802447,2.2120944181960223,0.3361360018328263,2789.407458879044,43.203694706854925
9.699098521619943,9.87668007996647,0.6265320345535452,1509.4003723140231,62.875885815038046
8.324426408004218,9.440593396866133,9.06437453344411,1603.205337658492,51.16430982591891
2.1233911067827616,0.394268113685059,1.3924537111759516,1829.4966669165472,32.28976228574625
1.8182496720710062,7.055751725156885,5.324206822752171,3144.3330003430897,53.85161316178428
1.8340450985343382,9.252483174156659,4.110956026007066,1736.8448317769692,50.69182370264272
3.0424224295953772,1.8057534512733353,3.4734332625884266,3690.225347892374,50.502403451058264
5.247564316322379,5.679452305526294,8.998333456872725,2082.1841893119617,42.38861519984013
4.319450186421157,9.154882975880419,0.218233967754895,434.9306815187972,40.56388518553451
2.9122914019804194,0.3394597858579884,6.637896861755891,3940.4232281721256,46.98061769380969
6.118528947223795,6.974202672468399,9.633944342135504,1500.2157905042595,43.93213858186974
1.3949386065204183,2.9734900737255074,5.60168183461842,2220.557710036387,37.16128453672776
2.9214464853521815,9.243961953765304,9.368224620330919,3458.6750277873175,64.66744449403986
3.663618432936917,9.710582451653679,0.5225787928602377,1729.035170028689,57.5839417778341
4.56069984217036,9.442664891134338,4.187933190741614,377.26971511890656,37.825136294478106
7.851759613930136,4.742142166574638,2.6015779096205116,1932.2131303627866,49.69196978268404
1.9967378215835974,8.620426509893134,7.3082096498072975,4727.798055202087,72.95554565108688
5.142344384136116,8.445493985350703,9.812970904972467,3244.4985467629353,64.1204159103159
5.924145688620425,3.1910047324325563,2.565300624442478,3390.247828469314,55.80733073141006
0.46450412719997725,8.289154741506774,6.5417460147407445,3198.1825528244353,58.64711793684873
6.075448519014383,0.3700763471549262,1.9809763275974013,1075.0614809012404,30.59390986804143
1.7052412368729153,5.96269878482053,5.653302545716099,2149.835934101173,46.968906016088496
0.6505159298527952,2.3000883728770303,4.639324866883362,3779.6050119802594,49.063346894632005
9.488855372533333,1.205668857772788,9.72005329631537,596.7271980104798,24.919318206181725
9.656320330745594,0.7695320162920916,6.085272726964666,1461.4786028395902,39.50112751135754
8.08397348116461,6.962887758781397,3.495063720868188,1453.9636314826828,49.342468858791655
3.0461376917337066,3.3987496376806616,1.1409578488793337,2216.8927452130793,41.02396973998896
0.9767211400638387,7.247667715287615,1.5124682873493456,4903.806830616707,73.34983094931698
6.842330265121569,0.6535634079894237,2.2531692995123507,430.7624787507275,25.377283463373498
4.4015249373960135,3.152903378306103,2.50966661340298,2641.6348724649156,44.62492754698829
1.2203823484477883,5.394912923753372,8.506160578411379,978.8869418598313,25.8559265663662
4.951769101112702,7.907231648389636,5.612227882825249,4856.315072507747,81.02128198897327
0.34388521115218396,3.187525029320699,5.233909113743664,655.1871731645746,20.172954081591936
9.093204020787821,6.2589137643700905,1.1476887186921747,2077.644911571797,59.766740567501095
2.587799816000169,8.85977748236187,8.60139693349435,3715.6364256895704,65.03069046490799
6.62522284353982,6.158631881823045,7.228143032084837,3552.316697334482,66.18716953775412
3.1171107608941098,2.329594747536338,0.6766836190000158,2171.3703207802682,39.63203983750708
5.200680211778108,0.2440078155653802,7.078350972297686,1797.9684229683194,27.95838283704906
5.4671027934327965,8.700988739009299,5.4353821734264605,2048.300654909066,53.45543152279499
1.8485445552552704,0.21269410850387138,0.8172534574677826,1394.9536894773325,28.097219165173346
9.695846277645586,8.747016726841995,4.583006415286564,1106.131399663319,54.69041599171012
7.7513282336111455,5.28937134027212,4.8469628713004695,2466.894518038561,55.57485364881917
9.394989415641891,9.390676985128962,1.6577454016327575,1415.815404731276,62.436572565745095
8.948273504276488,7.987832357736654,9.456981470002823,1508.5621579965255,46.66454952596603
5.978999788110851,9.979341105333376,8.49975371480662,3318.1047110253294,71.93259406404866
9.218742350231167,3.5071181545171015,6.690223373291083,4845.832925329471,77.41049203506766
0.884925020519195,7.671882889311269,4.622955610006072,3057.822282740938,57.93360596595176
1.959828624191452,4.019309136092422,4.1176554158450855,477.19938861833475,27.205952064398613
0.45227288910538066,4.798756203039089,6.509734671509541,470.3597078849282,17.55591583323999
3.2533033076326436,6.275054632183701,5.4543186940690545,4761.973782143274,71.6841143967466
3.8867728968948203,8.736771141863388,0.6227310588188562,1556.7248725059349,51.14599794487729
2.713490317738959,9.840834691992951,5.125026487703317,551.1282318041297,40.50153668444349
8.287375091519294,7.682734138645182,8.064036172328395,3035.31847703687,61.82676510272791
3.567533266935893,4.177667821673338,4.59239877596958,3155.879013622304,54.27685111351562
2.8093450968738076,4.213570022770702,0.5195657755426841,3277.673618581572,59.746185400503926
5.426960831582485,7.375823015888915,7.862781993840331,1410.2699365019523,44.2103219584432
1.4092422497476265,2.3877714576830233,2.013637821359744,174.04235265092768,18.377579771301534
8.021969807540398,1.1047411313139466,2.5862083488803878,4828.575310326912,68.5186056121827
0.7455064367977082,3.546221576407765,1.647063534322959,1329.3759238864022,29.93680736850631
9.868869366005173,2.8723899165408175,3.302150648714975,3412.528811457483,65.306654116813
7.722447692966574,2.963081204559901,7.56751505688635,3562.486362405677,58.6074211258307
1.987156815341724,2.3360775104990994,5.193858595039373,3089.03634368948,44.439394802360674
0.05522117123602399,0.42093189636361883,2.048812741507126,1633.2462316468764,24.58299198119294
8.154614284548341,0.1787393473341381,8.778300781520409,1428.3716434439223,24.132569701853914
7.068573438476172,9.877223897360315,8.795818549515293,3028.574585243245,64.64414236666333
7.2900716804098735,4.277731337358624,8.70578425046007,4343.868604697288,70.18517583480363
7.712703466859457,3.8432664715968166,2.3879621138153926,4738.995271724639,73.61830084070728
0.7404465173409036,6.796472826930699,4.512393441809881,618.9384415784124,30.157802459754507
3.5846572854427263,2.1825388786506417,9.849896561408752,858.6602017288272,21.58492652706061
1.1586905952512971,9.499611839502254,7.7201247630999035,4729.20766803709,72.54917207289898
8.631034258755935,7.863450144155521,0.2716742122555982,3709.0226188404836,79.7931496742341
6.232981268275579,0.8941100231225951,0.6520459126049205,4426.669741665888,67.07522953929512
3.308980248526492,4.175807757849284,4.639313768123328,1092.8999072631814,31.717673715735938
0.6355835028602363,8.791183075621646,9.092202058615602,2979.170768436069,59.3676446804231
3.109823217156622,9.447320222914103,5.387017979527142,3535.584012645621,64.91465901219286
3.2518332202674705,4.674015112498697,4.9781250803429025,3432.548238690166,58.027601977974456
7.29606178338064,6.134113892107077,1.0547369995663058,2099.943285246821,55.87846978344762
6.3755747135521315,1.6703394609207523,6.5678010472429404,175.43496928741155,20.4695996779346
8.872127425763265,9.911686261369766,8.221031606002255,2956.3376783408894,70.31236627287446
4.722149251619493,2.3167170138344337,3.8042000750756233,1340.1975419800829,31.00647936252054
1.195942459383017,9.427317741351256,7.756118509253275,2306.2458061001626,51.126540379119696
7.13244787222995,6.496466489923685,9.644766539008117,4792.146973910705,71.50073833045651
7.607850486168974,6.077367948788591,2.037664591276891,2055.27305644793,56.32675657557013
5.612771975694963,5.126885110165086,5.233296311947413,4215.027872655691,68.7496700855457
7.70967179954561,2.3066981171775867,2.8713795808457556,1023.8489681713305,35.97568343041614
4.937955963643907,1.7652803200550826,7.9285441903383935,3395.0564403226413,49.95839160866589
5.227328293819941,2.2048620907017535,5.775933658811575,4887.334076750823,67.18579445660038
4.275410183585496,1.8643826214425452,6.345824175503037,599.2761942773902,21.017188435852027
0.2541912674409519,7.795844735667533,7.979141596158941,140.76771691324086,21.537297639981144
1.0789142699330445,3.501252591667301,3.959704726624549,2224.5556838998104,37.23291346914327
0.3142918568673425,0.5784267656339637,9.150900684070432,553.8648669516992,10.678721925187144
6.364104112637804,9.691026301408113,5.3302886724614,3767.0833134135337,78.98693719556289
3.143559810763267,8.837858849634257,1.57954822835348,4581.288452857939,80.56710226783233
5.085706911647028,9.27752283195213,6.958991181688025,2226.7027662729183,56.22240942289857
9.07566473926093,9.949078226464353,7.9326135043825445,1367.6870465616607,52.421220886298805
2.4929222914887497,1.738952492194873,3.1676167706752665,2228.576263132388,39.5504242189038
4.103829230356297,3.9624201890265875,8.57179256998753,3644.894307465005,55.269778470146996
7.555511385430487,7.582384757040913,9.061432547657663,144.36539174381778,36.55388521345602
2.2879816549162246,6.960206180537922,2.769044873778089,2988.3245484750164,56.19004239033173
0.7697990982879299,1.5389590633985506,9.83521472715222,3105.1292559481576,35.462158340221194
2.8975145291376805,8.158331249906178,1.4071152804875842,3224.672409790084,66.04460058093638
1.6122128725400442,2.2444057183666066,2.0201566840249,1285.9081919062983,30.161237915216205
9.29697652342573,2.2381761482262306,1.8422483923802613,3598.858344552821,63.25590493375686
8.08120379564417,5.3697442289341355,8.939897100078705,547.8182830257044,30.338529815072533
6.334037565104235,5.929399348417031,6.542925523249618,1076.424648687324,40.30869074016969
8.714605901877178,5.8008620783781115,1.5210428322227287,4399.603228606961,81.49132422769908
8.036720768991145,0.9148683739775487,4.40323418368349,3719.743438560175,55.303904089221405
1.8657005888603584,8.774608626303804,6.15298025069802,167.35321465559173,32.96650994711894
8.925589984899778,2.6560004258870604,0.8346408498938329,1317.043675812021,44.70457936868691
5.393422419156507,1.2951492128280417,8.824163684073387,1150.5917666665064,24.278353637892128
8.074401551640625,8.887480798689772,8.036035354415352,1426.9510073811657,50.72297476833374
8.960912999234932,9.556514982297534,5.052067735766382,1313.0428743714433,56.51913350477609
3.1800347497186388,8.621276172654506,9.671266152591704,406.3788491399441,28.99235875450944
1.1005192452767676,8.09516074724878,4.177609792750997,2348.8085313244196,51.25921921485847
2.279351625419417,6.552419806390217,9.841103190364977,3690.3940264522093,52.558146939043425
4.271077886262563,5.5085737060913935,6.67919998803627,3072.9854511154385,55.98161690874632
8.18014765922493,0.8698675991141014,6.346712732539414,3397.071176130591,48.94590307050543
8.607305832563434,4.084532130706987,1.65954895295785,497.63097482757183,39.44588952778848
0.06952130531190703,3.72688517012314,8.81927758304644,4762.304479866258,57.56502191095895
5.107473025775658,2.5975378376032623,4.2748968792061515,4208.609985830822,61.542923147911345
4.17411003148779,7.234201136885849,1.6223340578247936,4044.9425606287473,71.91829162573997
2.2210781047073027,4.9587573507877085,0.1260751997575904,4132.620644704661,66.35256403347509
1.198653673336828,0.8104621590764793,5.597556836383825,4670.28148985053,57.76645666011399
3.3761517140362796,2.2018320194981134,5.2739962212267635,2766.844433957119,37.98763842507397
9.429097039125192,6.832587636595959,7.193536223691586,1081.3818875513668,47.39932807417614
3.2320293202075523,0.7613085949030018,8.902580530178021,3122.239678477452,39.74717868436875
5.187906217433661,8.512069140487688,0.7940658464302952,3740.119318972901,73.255116224954
7.030189588951778,4.951465270139743,7.314964903403624,3715.7952274347244,60.61631014362217
3.63629602379294,4.80586577326648,1.8741194409758222,2655.1002184177123,55.49877726647332
9.717820827209607,5.924077846595176,8.581770531571639,435.44772473453247,33.26861881319058
9.624472949421111,8.246809659251491,8.19063513861656,1918.4533983076265,53.74093139552817
2.5178229582536416,3.4780920790219305,5.407937549855443,4611.756381470451,65.45621998451381
4.972485058923855,6.780161525590636,7.102427986233115,2963.7996578113875,57.62180574681496
3.0087830981676964,5.657319639957911,3.1435011318374837,2737.826521952996,51.015386681766
2.848404943774676,2.6702827016942132,4.7116789893281465,1417.3822204727483,30.84370733610612
0.36886947354532795,8.78629986355158,8.216368977104716,1905.3997075912366,41.30517660072404
6.095643339798968,7.974260216069281,4.592651971732139,4487.195836850529,81.56006474349002
5.026790232288615,6.584518346584255,3.577982653254418,3365.668932881495,66.20292982020035
0.5147875124998935,8.505817290942419,4.942124472502999,3958.196431086431,67.7405767321111
2.7864646423661146,8.672942009598025,8.282492524372184,2326.29257303151,51.56580731598118
9.082658859666537,7.083629767150348,3.3520804737087273,3188.2113753351737,73.38547223675343
2.395618906669724,8.37013328363672,1.737615931357438,1317.079682841717,45.95131512093256
1.448948720912231,6.974714616692836,7.120140203307807,3556.758068389083,55.69390185284186
4.89452760277563,6.801407717603004,8.259782127080818,2195.246535146353,48.93694174821828
9.856504541106007,6.186113782151843,1.0063747852353333,2268.4730225922535,66.10049080680004
2.4205527151150044,7.527166395576412,2.3987411275594472,3281.67939042672,60.837278851949584
6.721355474058786,1.586051052930737,1.419719897609939,4687.775045197741,68.78226586439452
7.616196153287175,8.808707591989284,3.4794141158216663,413.6310983822425,44.93585215410763
2.3763754399239967,8.71843527745232,4.503509789054126,4141.241863000338,72.16175049645457
7.282163486118596,0.29247283034559146,7.4882633696330645,1532.6772410197464,27.528329184851643
3.677831327192532,8.258167505647627,6.511475848816741,2275.205327081251,54.64645888936457
6.3230583059357945,1.288698674734452,6.2092856747843115,207.37531099754386,23.210883024965465
6.335297107608947,3.351188542591419,3.523749466096544,1575.1257813881339,40.50068828372457
5.357746840747585,7.435082562916078,8.4144755308476,2562.8930888876394,52.03064544696837
0.902897700544083,1.607598960483082,4.712871673981645,375.26277900245117,11.315179017959746
8.35302495589238,8.179670241190621,9.791049380151545,2506.3690739775093,58.76730635888104
3.2078006497173583,8.32134177957742,6.3414213829573685,4642.842081406294,77.90980954125767
1.8651851039985423,5.074677337608362,1.2626474156450274,616.4267687282456,31.336426764646912
0.40775141554763916,0.0638587171683358,6.7617756207543405,3845.7595675699713,42.46228628934996
5.908929431882418,2.870381331749128,3.25104015431699,2107.388161542364,42.68364563472448
6.775643618422825,6.169269183757422,6.8632719668609745,3310.3512011692565,59.6425511664232
0.16587828927856152,9.811861780274235,0.6964114816240574,1375.159330127624,49.50315635690537
5.12093058299281,6.3181352701666835,1.7488143717595939,881.5120864526556,42.370583785444055
2.2649577519793795,2.5980358106415977,8.557372589057863,886.2668099290095,17.10636209142383
6.451727904094499,6.340057030996114,2.271795570235149,445.4105336514088,40.88972215627234
1.7436642900499144,5.3998537971585545,8.3704112524294,1009.6688540160908,28.989550657490767
6.90937738102466,7.798453951511436,2.792760884544104,3354.6749864459443,73.41337922052251
3.867353463005374,1.069806388269584,6.428819100587076,4420.283998033189,53.565311547956604
9.367299887367345,7.61027902502028,6.9415057350983105,4089.215859396693,74.29565194163945
1.3752094414599325,5.412665786761103,5.126547531450529,3457.158118384972,54.74157366195726
3.410663510502585,9.629920038589946,3.053106766967313,641.1161307144031,43.554418756195844
1.1347352124058907,3.418721660386861,2.126443763710961,1517.0184868501542,36.885369720220496
9.246936182785628,6.326218931339481,0.3318935456242622,1618.053689080098,56.94675277533412
8.77339353380981,9.320281055100175,3.039464012407238,1324.789037348344,56.18385674591729
2.579416277151556,1.0250972799067926,6.53162790531283,2623.5277325776433,34.08277862062614
6.59984046034179,9.372284872364512,9.383048184484826,2724.213692910396,63.64956276148139
8.172222002012159,6.878857223008134,8.71204482263052,1848.74127833844,47.301433169791025
5.5520081159946235,0.678370591051719,7.660647765353026,1833.5668778085364,33.95589677389821
5.296505783560065,3.0096356694681625,7.884473432532987,4159.922429739799,58.61482941466249
2.418522909004517,7.081720886452816,6.649849034759953,3967.5349567664593,67.53875125777915
0.9310276780589921,0.673506014687717,2.60286857566003,1608.1995752356536,27.917296310622845
8.972157579533267,5.8217046017627325,9.071950307058298,4577.56337497897,74.44219033755323
9.004180571633304,3.4588305695295674,6.707323119058341,4768.793583312279,72.09516725168608
6.33101457273268,6.209155177674771,5.6044063098044,1701.0384559472,45.74357229826139
3.390297910487007,0.4574203381251285,1.1098946921348107,1836.6822490859688,34.34255889451868
3.492095746126609,8.715368061523762,4.470555438064254,2577.607351767598,58.48639484504648
7.259556788702394,9.734889691773969,4.6035827120192625,4711.491981415,86.55027369848185
8.971102599525771,9.688778552856915,8.645636095226699,4393.965222397326,82.64135358954226
8.870864242651173,7.496518317429247,5.466482201877884,602.58301665959,42.7640941817062
7.798755458576238,1.3008624013063197,3.8040054897040965,2024.3806420299395,37.13262193289583
6.420316461542877,7.582631959290226,9.768003285106593,2811.518829773882,57.850575832749506
0.8413996499504883,0.2458691645880151,1.1072059332631567,2565.3491155025463,34.46361515872446
1.6162871409461377,0.22123551528997254,4.225484283119446,1049.9290328907741,16.94466073902094
8.985541885270793,3.2361021914954122,0.4202467517140529,4308.202178723958,70.85565464794882
6.0642905965958995,4.886431904046658,7.3990412076693035,3417.009836684503,54.49578781845044
0.09197051616629648,7.704074178077932,9.180765521991507,4205.751036773838,59.56399105896658
1.014715428660321,6.832953766065052,2.8003732955048943,4307.944968812414,67.46549203551137
6.635017691080558,4.459027063767484,8.583416767991208,3766.943682962125,64.09263253272272
0.05061583846218687,2.736266662816659,2.9221823046189774,2252.131946123615,35.46396821956169
1.6080805141749865,9.971245001577111,9.107701616439153,3091.6790995755805,59.504822867057975
5.487337893665861,4.261813022359729,7.5396190359678394,885.7904899867415,31.004788033310348
6.918951976926932,4.513870243296755,8.049067768414385,3400.862545627048,57.884791633920074
6.519612595026006,1.6362382119166918,0.180065556004545,978.3409531224756,33.31847147609896
2.242693094605598,7.948095487499294,9.62810357074026,3500.352993499768,56.21911719771556
7.121792213475358,6.936822257814886,7.266709920703232,1225.0309876944464,45.9101990175499
2.3724908749680007,2.207696127887604,3.047510953861333,676.0013707360779,26.404872672946226
3.2539969815926773,0.823810456158427,8.29394664858847,909.8940017004915,14.380197592956156
7.464914051180242,6.804993020747131,2.8152119841492995,109.7614625734443,34.444199088450574
6.496328990472147,6.545112142811353,8.727538395661279,3621.824127482298,63.03835603714429
8.49223410494178,2.7325952699820935,1.1258039041193701,3688.7651403860577,63.40261124228873
6.576128923003433,9.508635622504103,7.036859774607958,2623.1734145749715,63.84258791881889
5.683086033354716,1.5105789178090023,5.406984766449103,890.6777251713801,24.34432442500605
0.9367476782809248,4.323348010426019,0.9653447019544081,509.41625380237974,30.67242151516903
3.6771580305943354,9.436159201675988,2.41893828258839,193.73193554270637,41.00561331160734
2.6520236768172545,4.197273169261223,0.1240403627731479,912.1660671295815,33.89398680816604
2.4398964337908358,6.385259476640855,4.687679654645058,4465.192121417419,71.641207428457
9.730105547524456,3.9759439796279428,3.0126526076000038,1283.5305243382406,46.56947175485356
3.930977246667604,2.7421520234867005,5.983574842977588,1835.9295033643568,33.999671143267655
8.920465551771134,9.839776479598282,2.972378077086172,616.1928739585326,49.53725570006763
6.311386259972629,4.09334006315043,2.9991911150698467,1189.5703932660344,38.75322849136481
7.948113035416484,8.940992036791345,7.431931987316034,2644.200396823005,65.00799387501299
5.026370931051921,2.299546058910862,0.4814283597835345,3077.9881471686977,53.86499545306531
5.769038846263591,2.131047040250833,9.028949951919872,1302.2263394144343,24.820496347864943
4.925176938188639,0.3113408288451136,8.522638743911815,382.8875802030743,11.866705649612987
1.952429877980445,6.5166682537588505,6.678046832264065,2016.0610587242534,42.554933479157505
7.224521152615053,3.6852634372376114,5.932215701073843,1247.5965175390372,36.442358587681476
2.807723624408558,8.64358249839637,8.923024981396523,1175.8142238260295,42.60074329304715
0.2431596643145384,4.732099066915572,1.8533017952871444,4803.327733295931,65.60298681663491
6.454722959071678,9.681934279147217,0.7896916219082861,3119.872381036048,75.3071308085995
1.7711067940704894,1.8552551570312115,2.395101699095381,2828.70437154327,46.16496631667766
9.404585843529143,8.686231679556109,7.945782787001903,2137.2980072642777,63.79255474067045
9.539285770025874,7.765968527917417,0.34670266726483323,2201.8272338077068,64.58662479927668
9.148643902204485,7.70921844644052,5.828068350834896,2750.434518806596,65.65514771207948
3.7015870025544437,8.447832281168877,9.954375161913099,3512.5060544769253,62.982167304007305
0.15456616528867428,7.610239909429989,8.556960938375394,3540.5158712909642,56.49661025914882
9.283185625877254,6.262203216314154,5.214456890435894,941.3001477567029,43.58114066425378
4.281841483173143,1.3124487768238757,0.6364090928664234,2550.552485175472,45.4449507047078
9.666548190436696,0.32526179491251916,8.313735143857098,2118.5946656670994,33.12069611531086
9.636199770892528,9.208478478156868,5.989785081772105,4365.582134719983,86.50567109728394
8.530094554673601,6.166503145207381,1.1493299705956683,3193.9527139700444,69.25395267145757
2.944488920695857,7.965372909761763,0.938572848233562,2709.269925438311,60.03934226804121
3.8509772860192526,4.815223515125501,9.096268194365924,665.4337466766951,29.46631838068278
8.511366715168569,1.1730818896239448,6.692002629380784,3067.6256576847163,48.334140706697994
3.1692200515627764,1.2518579220255044,8.292867993167555,674.2991378331437,15.527446289441746
1.6949274668609249,6.855652872289713,8.789789002822673,1752.3122202721852,42.397963185324315
5.568012624583502,4.303058948994627,5.717723520483222,799.9256275902261,29.727076455081143
9.36154774160781,2.005247267003367,5.174463517550413,3491.1608704194077,57.69235440069072
6.96029796674973,4.915945467414369,4.304274103209902,1110.6353577971477,39.23833924656039
5.700611700893649,0.6420893707513409,3.169465877911193,2020.1109286213273,38.869253350780006
0.9717649377076854,5.819714019143988,4.345959608587117,4488.806410332016,66.96464196386115
6.150072266991698,2.6899340443509767,7.738796557301564,1101.1502786549545,26.637399046308445
9.900538501042632,7.975591006371881,6.019234310151315,2588.244813398018,63.588661965068134
1.4008401523652403,3.1036195892357377,8.925232899548462,2154.431139713508,31.264678832799397
5.183296523637368,4.552201490818012,4.433800143791878,188.8078011240757,26.45528428950387
8.773730719279554,0.11620539908100636,6.07089578718754,3984.5147565067828,58.077048671761794
7.407686177542044,0.7244688779455888,6.313075530919887,438.32494094153867,21.82928685144848
6.97015740995268,3.924935564066848,5.916971623063255,2423.849602787073,45.03707592180681
7.024840839871093,4.799388347171235,7.026337730855163,2847.3236452008546,56.11051282400982
3.5949115121975517,6.000205481193037,2.374334683748063,3179.2896374114766,60.31658035363888
2.9359184426449336,2.9166257870930323,5.123637775457906,3474.2949836085904,54.0838182875158
8.093611554785136,6.949818861265426,1.0422480280834767,1341.0346792613038,52.77145990445217
8.101133946791808,8.601223971892045,3.8451132764481253,148.89600562640192,43.501253545205245
8.670723185801037,7.7985098889334985,4.876670686212644,3644.8739455390687,75.0075188931136
9.132405525564714,0.39618825348357145,6.522242595454725,2724.717336803135,48.106461207038116
5.113423988609378,4.805069472578289,9.505310525862035,4196.9767457155185,63.1917678676885
5.015162946871996,1.0493017841817487,6.0065106654835585,4124.802978213402,55.19168750452701
7.9829517896677515,2.4204501586252745,7.435939161765598,4232.298222160627,67.45746558179926
6.4996393077776515,9.866625932671464,5.062660594952027,2476.9638338997465,65.90107578195037
7.019668772577034,1.4249554290151323,6.341040313763314,1734.7791396006417,36.24613165565531
7.95792669436101,4.988881534513561,0.7093221613377343,3978.635192697713,70.93351481038813
8.900053418175663,6.181557343181191,2.54391580841847,2311.3411538433493,56.79685398030442
3.379951568515358,7.024649705441039,3.618530932051387,998.8667623768291,39.58711927237625
3.75582952639944,5.5964868348691414,4.724933550065136,4289.372695851224,68.0847971807556
0.93981939840869,0.09770847419183659,0.45648745502383736,4424.543396184502,54.21470165989717
5.78280140996174,3.2646130824399187,1.4002409755331768,2384.9178050868336,49.566637295601694
0.35942273796742086,5.1771164338471145,2.7681430779130576,470.9286638179586,28.600322607922635
4.655980181324601,0.8786649914483335,9.715326909010507,2000.3478405929632,30.859589196627457
5.426446347075766,3.5062693120918076,3.3134700710305074,4037.3345313667564,61.683201023974746
2.865412521282844,0.33203108791366565,4.820410581120825,4518.69273987652,55.271695665066915
5.9083326056901075,0.7857849715502074,1.9609771273839294,1097.0164382382195,28.226215630703823
0.3050024993904943,3.9692327620159604,6.107800710757683,428.17069892383046,17.77909209978914
0.37348188749214417,1.3271575404306035,2.806832155159743,4399.017220350909,54.23422539940479
8.226005606596583,5.675408482615581,2.0699257843842678,2008.084200996489,53.58315467680644
3.601906414112629,6.894649691372657,5.16572628445979,2754.62872491106,52.509774070304616
1.2706051265188478,8.005866991090828,0.05505799160420821,4843.522479048719,80.04543260335195
5.222432600548044,2.0015024424481007,0.07664032649225327,426.16716677969197,25.901221074552364
7.699935530986108,1.6748258225906976,2.1906880910185778,3276.7582365152684,50.45496474708548
2.1582102749684315,1.0456784033440025,0.3672136250082114,463.11657061684866,24.221407550976252
6.228904758190002,6.364302495436367,1.0802575413069138,1939.797749485852,55.74937263786087
0.85347464993768,7.064757264869011,3.388606493387516,4038.691271447889,65.18780990832043
0.516817211686077,0.3158614482564204,8.025856795798129,2224.0139405026084,25.81680014687932
5.31354631568148,9.362122462436899,5.720486433693008,4986.193534124457,83.1737658425309
5.406351216101065,0.5197128365147241,5.126677259564164,2839.390496238351,46.067482373879486
6.374299014982066,5.412963353010705,2.9348882320812164,1673.694547916172,50.690491541626585
7.260913337226615,7.090605194509164,9.317537194328164,1178.5454969332905,41.39918822361062
9.758520794625346,8.709691237460856,3.9701504123719165,1817.5506180021928,62.66442634161086
5.163003483011953,7.140869321324278,0.8709276679577149,1925.4130414217989,54.33045483195674
3.2295647294124596,8.017280830697919,6.170665161178013,436.6970208474088,30.410403340407704
7.9518619476870365,3.3945019254280604,1.138383934766014,1910.9135771911886,47.561152834319266
2.708322512620742,8.148251137465122,3.452231428016921,2374.768746722202,54.992423585342934
4.389714207056361,0.8011484638467514,5.074119387178088,3641.414985970143,49.01837750523788
0.7845638134226596,8.948166560605276,8.742225246851758,3317.974475135879,57.54747507128414
0.2535074341545751,5.475923761537363,4.935465803401186,3572.951710622856,54.68132274288441
9.626484146779251,8.172977699624937,7.022587660316643,140.98204119659977,39.097646225149646
8.359801205122059,4.523182845183001,9.928168389990704,1166.5702579446265,35.68971009109112
6.95974206093698,6.4357769519652495,1.3148911989798162,3342.2530131592966,66.51548427113855
4.089529444142698,5.264026609361132,2.747315255195195,2471.547904080761,49.82849217697342
1.7329432007084578,7.315895217553319,3.945760755976464,126.03603077489514,25.634583865318533
1.5643704267108605,0.8162998203058958,4.218281785388314,4042.0237479159296,52.544891983974416
2.502428981645953,0.603520839905638,4.110210752655457,3886.766909122653,45.80861002712346
5.4922666470612045,2.4710323401014644,9.07611002556555,2787.2538986684567,45.51959046859834
7.145959227000623,1.5954468011318834,7.140326444668564,425.6702963037334,24.5966311562251
6.601973767177313,8.717835665922017,6.079052140907038,3855.9237427096646,73.57337392779537
2.7993389694594284,2.192139873580443,3.093727178627821,2960.196579883683,40.981322582694666
9.54865280663194,9.758652558191313,8.237903842212948,3931.6038880739998,79.07512452001866
7.378969166957685,3.3689579177110685,9.550605114849889,3783.560262739618,57.64747773468285
5.543540525114007,1.8211791568869928,8.211982825502265,4034.7101525934017,52.98218094046242
6.117207462343522,7.896985071424791,0.01565105191472904,2638.2395253826617,64.25458128637267
4.196000624277899,6.587077755008761,6.36401370183407,787.5901391482234,37.333973411313615
2.4773098950115746,4.98195716453139,0.5113538144210072,3388.6716195604745,60.87607445963306
3.559726786512616,5.553635509376313,2.5760722033372185,3140.321546754656,56.201693988662846
7.578461104643691,7.192017782722639,0.5952470034777169,3737.040617275527,72.9276969438588
0.14393488629755868,2.2845474133129873,6.037954529493877,932.416929648603,18.559450994501418
1.1607264050691624,9.963339160567418,6.865899134926067,1055.378479511417,39.91040961050952
0.4600264202175275,9.747931621467831,1.1448763806590512,4463.006634374709,79.53745702181054
0.40728802318970136,6.503256863469369,3.838388830449795,3774.891212415147,59.708964062024336
8.554605840110073,1.9954245092914513,4.562365089555421,4550.319594631582,69.78430004087785
7.036578593800237,6.802282424312914,3.690530217609166,3817.7050737032114,75.91740255102604
4.741738290873252,0.7219840897917584,1.2102500048519305,3026.060999352479,49.59892969435066
0.9783416065100148,0.30652502205806065,4.1894779018747546,3305.250411436581,41.000674162739685
4.916158751168323,2.576828885112137,7.511780478084181,4456.726827306049,60.50549719240255
4.734717707805657,4.626229567393163,0.7100766453325547,2936.1530971085085,56.60575853758417
1.7320186991001518,8.682725054083805,0.8018001408190345,3198.7174892090984,67.85149726003598
4.33851649237973,7.271690697663081,3.547712918359842,866.7359084176428,38.55202075664128
3.9850473439737346,7.42706521199981,9.417257116189251,2422.2139785689033,49.440562133459885
6.158500980522165,4.2549333444807536,6.6857264672291405,3610.345848594685,59.39521265446501
6.350936508676438,3.4593499254696294,6.786699566725648,1427.6192217501905,34.66070384184193
0.4530400977204452,3.7103876298460268,3.6191999083786497,1091.045484570221,24.501853062751092
3.746126146264712,9.876495637360579,5.9366079120853845,1637.7513602996362,51.39728301094483
6.258599157142363,0.4010919141248248,0.10131184027743378,1283.3530771648839,33.00083950868624
5.031362585800877,8.670314961224486,6.360960464095422,1153.0719214783396,45.393070971323645
8.564898411883222,5.786754085723934,9.132869475762368,2181.769130053626,48.931854044030224
6.58693631618945,4.386154191895905,6.125734683448192,4548.408718029317,72.64578504849503
1.629344270814297,7.252576604151365,8.736985934663451,2584.5922690197194,45.930847109709916
0.7056874740042984,4.866689414247029,7.239730554660938,1020.8098659950829,29.61770341994969
6.424192782063156,8.734232380816605,1.2055841640369025,477.161179966283,41.542624741105655
0.26511310541621813,9.007018640112586,9.024533072858418,3511.1651111758338,59.87187442641949
5.8577558127346325,4.217209268734554,0.6644384435577488,1975.7139457383003,49.373219269816836
9.402302414249576,2.768277972350516,5.3396747254776376,4126.97163826826,65.36307607357385
5.75474177875879,5.923503285933622,1.4213712379345766,3331.602766339774,66.18431518415743
3.881699262065219,9.12363345616691,0.11706610730904066,4001.5831076527056,81.08943484225344
6.432882184423532,2.106621890056666,4.22034260127639,1432.5355931503989,30.58725365329643
4.582528904915167,6.229665835634828,2.9504070765415626,3492.558720059185,65.42862768549173
5.45616789315935,6.3156022009252055,4.86000493797603,1393.903724999222,38.065748013408076
9.41464808776525,7.33113022415281,5.771998867345508,4701.435549306429,81.76082471070227
3.8610263780077423,1.315676851272598,0.4373907230894736,3218.2339795135345,54.08401349704087
9.611905638239142,7.158249646820885,1.2300329512374564,1690.1078208591762,56.82096376498113
9.053506419560637,9.09032520665641,5.586423964504253,1420.608125232136,52.57797000498114
1.9579113478929644,1.7968310887024197,3.4316735317265823,1035.5402668510533,23.956798422410085
0.6936130087516545,2.3754332492387764,7.29173487549448,3503.7406985792663,48.860487422849715
1.0077800137742665,9.713950940416396,6.522916485919397,1171.7065036898437,37.32733142826938
0.18221825651549728,1.8097695270948977,8.456043629899067,3016.986003044696,34.408947779779695
0.944429607559284,8.543850933695792,6.924928266692253,1396.711631934251,42.81332316458791
6.830067734163569,4.922778564480348,4.299310773901482,3343.647829489956,65.40462022051976
0.7118864846022899,2.4723107440317706,6.729666223944324,4093.204669848642,51.24412461294439
3.189756302937613,8.707499012725114,2.753811742554185,3912.3236914088006,70.44470175269973
8.448753109694545,4.453052550026655,3.063134987782127,3828.1715215608306,73.21602827105295
0.23271935735825866,5.148173539296902,7.889851599207933,1019.8397878920351,28.716943947490456
8.144684825889358,3.5923336939976567,4.4641951640158215,533.0862402241416,33.42242268757825
2.8185477477339993,5.9295085143492745,7.983803405183525,3524.8492595881894,54.691477400297714
1.1816482762165625,1.6352387258502277,8.224223736682784,1904.9013475923214,26.587300286514772
6.967371653641506,3.910815366517607,8.575623376612837,2218.4965093764017,43.51671745181779
6.28942846779884,9.694123223352875,9.166352358412073,252.6305546876162,37.6911065577757
8.77472013527053,2.5813343270112754,4.309852205132962,1371.924601447741,41.9268127060411
7.350710438038858,6.567366645412922,3.188668183211388,265.0143789848737,38.66479195950275
8.034809303848485,3.251900642246949,5.821987465941138,4408.010285746113,66.2853287989406
2.820345725713065,7.734731256866007,3.711724234376276,1292.6437477707993,45.5350528741054
1.7743954377972282,1.3087366071834983,6.010741668002329,2830.9521309077395,38.85847859575597
7.506147516408584,9.698210450785448,7.055858626438246,290.998671239539,42.73300707925148
8.06834739267264,4.5378954138363925,6.884050184921369,3367.5522173977247,63.17181333121302
9.905051420006734,2.3605046334646396,3.7455288702012135,1682.8339941950599,41.61848928639398
4.126176769114265,0.7349674733001266,1.6686020169875282,4499.804016092562,61.28447082344688
3.720180857927832,1.6975790508754074,4.305293384622075,4451.779125776776,58.97380768450751
7.764129607419968,5.197739485560176,1.4259414408190874,1693.924029972564,47.01812313320604
3.4080354025301784,3.3700317643128628,8.900970351838083,4514.708388883293,60.47666600678212
9.307573256035647,8.288833658826094,3.458774607378574,4981.1726001440165,96.05950852834916
8.584127518430119,4.308875236618059,1.5445974722332378,4144.536754207345,69.86899395001903
4.289940273750183,2.487142725876299,0.2544775990575088,4239.869604000622,64.73242444416579
7.508710677914974,6.171449866040301,6.458223862864843,1320.1428069345407,44.71598075860333
7.545428740846823,7.067772168854458,6.369023174547433,2925.841754403006,62.12312430620137
1.031238688359326,1.6704190790094986,3.406041665812917,429.55397844010247,16.38614774361936
9.025529066795666,1.6761921628831766,0.7171188884765101,565.0978904261816,30.064201296295106
5.052523724478571,0.3667142693354297,4.096288948952321,4994.573798963124,64.81059378661567
8.264574661077416,7.364020150656405,3.1121749506339356,1700.5323221869635,53.18653268546098
3.2004960103061175,6.638045276218051,6.7712063973500936,3766.101169039347,57.90581908909058
8.955232284962005,4.746308757498139,6.057792494526904,4052.658759831401,72.15659986600292
3.892016787341631,8.441704489691972,3.6459372819754,4304.314027935423,78.2562610423053
0.1083765148029836,8.056701529500533,2.178925542549901,4988.378657270567,78.11250157981374
9.053819764192637,5.853543643967521,9.880359661555918,1283.3327777586524,41.62570624864977
0.9128667678613356,8.682712805132587,4.540016211961149,297.7190516125286,33.661892494218726
3.1931363759041487,2.0584121003676827,6.88274235780237,2114.8384381734713,34.650056152263936
9.50061967050805,1.1191961939772788,1.4055296757836078,737.3952821618401,34.82537824606269
9.506071469375561,2.697496115169896,4.855896996593978,209.8868568940701,27.650854662587104
5.734378881232861,0.5708685608931485,0.27536719869465487,1866.091452993282,41.03825453246822
6.318372121697992,5.31169528001032,5.054551179104499,3940.3174302686584,67.74699095802026
4.4844552197831975,9.366056922949614,9.640174071177023,2874.285387002847,59.63260882311203
2.9321077169806453,0.39343540668509647,3.8420671298580023,1632.612147130735,25.325682256208996
3.2866454536991596,1.221099140100268,0.38996012574911587,3306.2758269143264,51.229425882796974
6.725184560770384,4.521990282834353,0.3095579091934353,1236.8890835131724,41.78817563919085
7.5237452943768,9.33875017527905,3.879867599468695,170.46908575321663,41.180751184769306
7.915790437258485,3.161561049767505,1.6002493646319405,3845.331593538494,64.99990359442725
7.896181427945539,5.072348086883924,0.23352096328185912,3156.3411158336444,63.72256269038425
0.9120610304869037,0.41572859050392097,7.562136139501768,3835.282860054704,47.447648289069356
4.944203047025814,1.4834320096208886,4.585230088818907,290.79628176956146,22.110295447444457
0.5755876001664428,9.86630122958847,2.8924477197265452,4201.886176370196,78.49628352248477
5.495288823237355,9.651186964360456,9.000831830164808,3135.678380177886,62.28106257826009
4.41530501373377,0.04939980934409616,1.161389602005256,2860.6372184919364,44.333947126696785
8.877041827582998,9.51811785423239,9.559188289553193,3160.608835761205,66.57074219460614
3.5091501255207866,6.391199378155004,3.139667173773528,4335.722909654984,70.06789580205087
1.1706701642760586,8.679182945200221,8.884036723086812,2975.9888821386444,52.49356074088113
1.4299168205283586,4.547398556338591,6.029428764794615,2946.656861452079,49.42967948424831
7.615106317174723,5.155960285792503,8.267073597414875,4954.327869622252,74.79630593284746
6.182180633162611,4.888465802569202,9.840131632104644,3807.977818635983,61.87084067781014
1.0112267612279024,6.668642575461043,2.8840543781874572,2267.2396467105627,49.18503044858967
0.8410680611499743,1.396512547563129,9.61135485407593,3566.2453001613458,45.41125911237988
7.009691314591199,0.2997358987267795,3.8948189490242036,2007.2293112897635,34.48246243629774
0.7276300636419353,3.079299415911909,3.8551190473692234,1221.489766169145,29.6679387291385
8.218600592903563,7.0468076273664675,3.403871042545057,3024.574196750021,69.07967262352813
7.062422271564962,2.0185345212294834,5.414076073475852,4648.092280758362,64.76005876847486
0.8134878064189976,6.734324333249173,1.541450431784871,4652.783648075768,75.05669526467057
0.8483771408519192,9.699120461072704,5.537114853580112,1775.3358627169025,48.408900563601
9.866395785011754,0.9390071578941839,5.41704812410004,2685.6195844863055,48.13130677310929
3.742707957561203,6.726021182251262,7.6190181260487,1137.01590299232,34.53238482190046
3.706421470668909,4.437502193045711,8.336499619375855,4978.592436544529,66.6645935317887
8.127995672575025,8.681422543775053,4.404413503124241,4907.477748552885,92.66553804227662
9.472485773838587,1.771497894473859,3.0233324935149373,3282.593755566492,58.44144409700748
9.860010638228708,6.926259522261645,2.5933489731709445,4041.6288924196197,81.49286471708533
7.533781852589416,8.381152896481103,1.9462383670487193,3603.99079029013,74.76542579260436
3.762595855309158,9.446142194740233,0.5764758219902488,3006.4752732933944,67.18782028831474
0.8350071669866876,6.832480282896459,3.424479788347133,361.4051852455987,30.687253140329915
7.771469159274368,4.971747640084273,2.7024769213078326,2328.3452785080394,51.96839627979173
5.58404249735805,6.178472402012138,9.664173858664073,3406.4528806203116,57.39217216279592
4.242220092469763,8.689049844787181,5.577088262500439,3419.9049080300547,66.77597039061718
9.06354385094736,5.706097466388297,3.4727703903050755,1928.3008302696796,53.89354255846361
1.1119748230615134,0.3038705969683686,5.80467600993696,4714.29073462435,53.40768349328742
4.926251042908591,9.309486955069778,1.391967013456955,920.0494579602268,49.26326108037449
0.11353644767419069,6.895267510315612,4.4404374920220295,2551.761286456247,49.871360331476374
4.6866064199412625,6.765133857772465,6.262343214210638,3485.331485099032,64.0029910020414
0.5630327568183735,2.1567515239771717,4.888978317924514,3515.965448869865,44.53549649860898
1.1881791626807192,6.5888547023265716,4.017788006543243,3278.330888167196,56.45161617910863
1.1752624677710488,3.938644056541585,9.938483888996982,1448.9122459141147,28.549668136908572
6.492103021160636,6.512329770414921,8.80314762148927,865.4121865644477,37.6592475770812
7.460448792654233,1.0659303030799072,6.234059581594401,3216.107601450883,47.03679647663342
5.833687650971596,6.5784530460303605,5.693773611822827,3036.580369083245,60.57165397124732
9.621725484745419,9.994137257706665,6.2066047982458405,978.8444504172808,49.04332057856214
3.748705795237041,0.4821203886055603,2.0131210782243327,3555.1818132957605,50.46092652322348
2.8571208628186073,9.771741842213173,3.951377432643186,2330.342759494916,61.862620095558775
8.685991281894603,4.069079607228706,0.3945953289089932,3372.0268988554494,64.63157416602121
2.235958385194526,8.707534503372592,4.7554603748682664,4203.098690873739,70.72965427910924
9.632225394406113,7.823854840582735,5.4302458395766315,931.6693000269235,49.42248191690433
0.12154474689816341,5.6701626098666775,2.277497361032096,193.80985318449973,20.932721785407548
9.69878826707639,7.384492092513265,9.640288471655138,3917.602673339355,71.27964083386608
0.43159911950576113,8.78515561301348,9.09454610937242,3087.517383247818,55.58379771006161
8.911431136980712,4.0414032165103295,7.221432354559059,3528.233891148396,60.262989608293
5.277011090862999,3.270331615632387,5.333866287653626,4206.959377444348,62.35513318774338
9.929647961193004,6.675933855635847,8.69969159647685,4033.7735806400524,74.71072221143287
0.7379656473539886,8.078459419412585,1.3065234382346291,4808.508719951241,78.92475294791333
5.538542844013207,7.622851347766158,7.90509794274885,2726.0818863753793,57.25430034903095
9.69302535619099,7.978136488586345,1.248208139668483,2493.6286000335363,67.49471255787915
5.230978441701488,4.35583314812933,7.942106625494054,2069.2472794645773,42.22653893256519
6.293986381352625,8.178342161750216,2.7576756825135695,853.0861099366023,45.412555033057416
6.957486889846171,1.2020905537060844,8.770905810181889,2905.77544112191,44.643916539923254
4.545410647677732,5.444890979608496,9.440420938253979,1457.361369197296,34.56967212402086
6.275580800840634,0.057586604981215705,1.4879596940511564,4614.40680984358,63.848308169339546
5.843143119231002,3.2458582990027027,4.626756050653935,2957.6349409577783,49.84903820017308
9.01158010490989,3.664615348713979,9.809873781626852,3004.91688448974,52.848188372407854
0.4544638034145787,3.961726916092554,4.834074359731466,1839.130838297349,32.521245291337586
2.809631895922303,6.954672066898622,8.635475225145452,354.7478246907667,24.28503813256824
9.504114840765588,3.885581012703457,5.887315221313198,255.54445032764423,31.15557637058105
8.902637838909163,4.486936226225307,3.753299079196019,2174.3422063506678,52.98689985995299
4.55656752785713,2.375441308743275,2.857835555258702,514.3703526764655,26.62507000504698
6.201325978015367,3.732517916293401,2.0322309108608727,3073.5500821466817,56.474302529212295
2.7738118298113266,2.2726962726315145,7.617981913776973,4416.767727634321,57.20825948253553
1.881211597237613,0.7319592376844364,3.8654050682302787,4426.282600941739,56.15073157580194
4.636984049399821,6.034485933813779,5.112754622007511,3329.3225096479387,61.111708998769245
3.533522280260528,6.682127985550163,4.9232548000118195,1135.0359742173619,36.78140096082372
5.836561118508721,6.194903460096145,5.772790292331313,4328.6844736584735,72.05488173679926
0.7773463696498484,4.6349404380057235,8.655771456245523,4441.85783303472,59.244458115700084
9.743948076661665,3.797857801792298,9.807393435834294,1063.6025662694976,34.953555780149806
9.86210744479603,8.633336495718252,4.075842085738169,3713.3878202763185,75.26158320677251
6.981617140197452,5.190817851362181,8.27518922106303,1503.9457897429024,40.53471826301458
5.360963663441204,4.79181877629731,7.645277946547177,4032.937530529355,67.13015187344595
3.0952761628632777,0.2564206580643569,5.735289514555733,4986.465709527653,58.69325493266265
8.137950197069486,3.4124782762615635,9.56047143611933,247.1274261140248,22.192769615568412
6.847311725538793,3.8019561878585706,2.004745155284028,4497.092742375567,73.48873744584904
1.626169393448913,3.988227808969005,1.0926421030962141,3150.8896146334246,53.45083407676706
9.109271844938425,5.801723692273323,8.539619669554222,4869.5748339076235,80.70981599844578
8.22537242923169,5.336025467268785,4.391498166337483,2378.546635879495,52.556354192659185
9.49799913291924,6.079050927934446,8.469688542070605,4252.200859799731,74.95970658029168
7.2571950838836,7.6488326154212825,8.930902051954149,405.73093613155845,36.31512559624297
6.134151959357899,8.129857387160936,0.6245759361907144,1742.867345383649,56.04567585070387
4.182430362906189,7.181230762264944,8.834647629860607,428.38103498092886,30.353259805813707
9.327284833540133,9.555236959549347,4.483190553694222,4879.181354047446,94.24655759916052
8.660638895004084,0.1823258267636163,5.104324890042323,4103.172145632,61.118800235749745
0.45218670106189407,1.957779856835461,6.265925110932102,4277.482364105255,49.79558959965449
0.26366974497252005,0.0756287497814212,9.263826067300867,4696.029634026082,49.921363138383256
3.7646336687804958,6.47474714154603,0.1911609442976403,517.0070819869482,36.683351022542624
8.105533307818328,8.98030548949987,4.768434683178171,1989.4282033153336,59.88065923148336
9.872761293149445,2.4348229657629927,6.877220424305607,448.07095631561043,28.646082474985533
1.5041689110352818,9.270345447963066,7.227069576982284,1132.8861975951402,39.233423407833186
5.941307153521351,0.6026739028956085,6.92532431537108,1223.8923074845945,28.115659241210047
3.8089085663102153,9.344360268055143,1.3443512940812186,2398.6253341331358,61.54872964715489
9.699143978146033,3.516226872396344,2.9939558837168123,1415.9546205228487,42.26578121295525
8.421189231357086,1.0142082844921652,3.587155254170135,594.7927234070294,26.741016826226744
8.383287047111379,4.858717591863257,8.04437207679505,920.7063365611277,36.24180527276239
4.686931597949703,2.567765677205079,2.7875987241455302,821.6502614052455,31.337145048438277
4.148195023376652,2.8487290196192285,2.1070496386720317,4868.076309770262,71.12401791304131
2.7340707193070624,3.0728996492628657,9.574480190380962,3820.5332839005205,48.71313729324791
0.5637549665092711,8.030258978326634,0.088632851134689,4842.031179820854,84.22333867601212
8.647223762550531,5.391612766752544,9.978208556819782,2254.728383888752,49.54849346473086
8.129010091300776,3.1130769915600363,6.768212988573956,1464.0055601470174,40.3988317047455
9.997176732861305,6.103337833109183,8.28469299449117,4011.6366663250146,71.78235448366945
9.966368370739055,7.161506742231936,2.9461939634619316,1698.6441984016192,57.96028592165358
5.5543170560262745,2.7262400073353374,0.14315277667059978,1566.9785311562066,42.352645146306024
7.689874151805105,4.135491015253515,7.3786951856153005,1239.2793618183728,39.32402662191838
9.44765729882428,1.2188609333694755,8.341445970006758,735.4269932987532,28.34619885539733
8.496473906774115,1.8114934953468032,7.404761319535192,1356.6689989821532,35.179767268960475
2.4734810174319763,6.811178539649828,1.428502873008386,1841.0667675220498,47.090159215096435
4.505441353100935,1.8143834769562694,7.53427922256969,3402.571619914079,46.64206561470105
1.2915941515149498,5.251633836670601,7.689227821076409,406.5677268753127,22.10814028727404
9.540510272587223,7.090462617224327,6.585405156700549,1131.4840043601805,48.63261298352505
6.0617463445088005,1.0687692309474384,7.661159327955862,4064.2158374292144,54.300100238914865
2.2864280550346274,5.673122196289036,8.459214396777321,819.9174255604768,29.48275136353075
6.7170068440585675,2.5656278370136376,6.136041142374584,1778.9612179603555,41.04838438682328
6.181282404578958,9.629268752375799,0.8860471396967906,4336.828717104886,83.99469368101317
3.5816271803284048,4.835456467199247,4.876278096672109,859.134024602869,29.502302680254747
1.1355759219962902,8.059925497751582,0.7764933467160506,505.4104945291305,35.85003910813797
6.715731955927996,5.502265421562617,4.075430310324308,2474.236175892053,55.11141827277315
5.2030770090379335,0.43412532854819164,4.071064891256277,1581.8556052648282,29.588285968785282
7.723183917356393,6.3315137559402235,0.6600984414024158,2860.700985970885,68.06487704192587
5.201635011119934,9.51403342206657,3.488205339694793,4038.6439633690284,79.33390408887874
8.5218150031854,6.016118201463312,1.1099809879131484,772.0275919484415,44.51220703648913
5.519068387744856,8.191888594267901,8.082352100092221,2945.425514315996,57.258408062617725
5.609379715353863,8.842064633484078,9.476880259644707,2576.9929259103333,54.1806485233446
8.76653602658345,2.2807977194893247,0.7231647525793861,805.9860514646779,36.75051260122949
4.034828662123971,2.1204483990822665,9.551152072917015,3157.5925790920137,39.11294645658508
1.3401522845064073,6.1098098885099175,5.225765993367451,1440.838047517781,38.49264244913291
0.28782676313338973,4.110284698067047,2.9956567795387388,2490.388160865661,42.29936903024093
7.55137255673619,8.398613028667203,0.7686207527616351,503.1343889576032,53.07250048277616
6.203095513534647,9.000231233980111,5.006242680704178,2351.961880346753,64.93442997924782
7.0407976809922355,3.534213793027181,7.945155444907487,1601.6709934098196,37.10538735475198
2.129641615089107,2.3687055897448204,7.070864772666981,4129.667934808236,53.12936696734847
1.3637147558676976,7.805255152438618,0.5022601146397376,379.19576228710457,36.839570551133455
0.14544665667881929,2.748060355481361,0.7290183536790351,2151.1756470998166,41.27740421087684
3.5058755880659698,8.226143185136785,4.028732826326371,2346.313978244046,51.98252018618297
5.899176868546331,4.237382536487628,2.9529049404794327,3652.529773865682,59.441863511506575
3.922440450997323,6.675498992914704,2.3238432305604784,2914.0091179420338,58.14458649653385
4.374749220237291,0.9553531383466818,2.810044989087136,3369.340452251487,50.9993413759981
9.041586944937483,6.23859324676573,8.034827432968846,3907.541499693605,71.19319827930296
3.4825546702330037,4.517676787372292,9.29228053631854,4324.794570925125,62.61323205668066
5.139894891598108,5.866084631754741,4.051026945275664,1637.9899339401054,42.304531254178784
7.8365301274114305,1.6801420774486342,9.061110021324971,2736.3112562831243,39.62486520030725
3.9654278232127016,7.368737449441821,3.21495701247882,4216.52958435208,75.03635258006987
6.220867002278735,8.627970775432285,4.764369863437916,4948.310541728776,83.9635704499182
8.623637087467452,2.1673980009077565,2.260289978159997,4458.6446241144395,66.64313116767768
9.495206236576422,0.9571455552016173,6.404760421758439,1920.1895868594463,39.72293618162346
1.4707348092903794,0.23638586046336396,9.78981115174809,1056.315934371387,15.156766433497113
9.265876251614944,6.4197150044326605,6.034930960433787,2498.0234332922846,58.64929099675058
4.921162930795382,6.070940360887808,3.5781408411354887,3734.043113996607,65.40568882487818
2.5824438829895833,5.4669741271407,6.478174459905284,2513.588446691158,45.880086685050614
4.591357562382613,2.3194709611597544,1.2292067846538757,2467.5862302369756,45.39120373938762
9.800325752854771,3.9090599590551465,8.886590802653986,4207.329063300823,64.96374413339393
4.926180939928696,5.944763351861731,5.030839507798364,1870.8785174292132,44.499764102060276
3.287516102875082,4.967668588591694,4.49349742039642,4312.993906577063,67.0294470811937
6.334008543167258,9.877855202148872,5.858647884535192,2093.3435246634454,59.91379526497533
2.401456187781931,1.3643975255673313,6.2478386278940246,1708.3422178238632,28.18488125786947
0.7586332810866392,6.951445540475937,0.7177580622651303,2324.550564878525,49.05401439563315
1.2887972191064923,4.043187681042921,6.826172212234024,3835.9900975068554,53.21188746983024
1.2804583895777244,4.281996149256147,2.419316803155296,717.409936533572,23.02633042680167
1.5190269351229435,7.175977656581763,7.139526325065898,1062.454157772885,34.06045312457256
1.3882717264941014,6.924361513243697,8.225347943841967,4762.079645749151,71.64647530212707
6.4087474480321465,9.912559937021882,8.039585075525203,959.9089741686512,43.00576141668003
1.8188008439914483,1.2839428945412523,5.525009674078891,2881.8638578621676,38.05983206024757
3.456672833238632,1.0410964938416634,5.201698923107512,2938.6408866434954,42.63067398520981
8.967884099060118,7.243388171287411,1.4287596133941172,2499.1598640461993,67.62882087273154
4.739616402628723,5.783869170064091,7.753461504031356,3259.2517180264113,55.511703972735766
6.675577385210271,2.7416066655980584,2.7140938044671437,1226.1509564083303,35.030297842894925
1.7231987120162984,0.794193689889866,4.966954228179466,2808.0451121060664,33.74593290079814
1.9228901880867078,0.8565824959643054,2.842740929275167,1923.648950709796,31.626416358479833
0.40868616266478863,8.941908746641182,1.3382836299969314,3342.1695721830265,69.13536528272095
1.6893506307216455,1.918673247187429,6.2955769689173655,791.9953625284323,19.50980264434735
2.7859033903195862,3.2337156211552074,0.5433203482290383,2897.2993425134337,50.64825925690527
1.7701048427674682,2.26656402226988,7.486452341262,1007.8247413782861,21.557527013880733
0.8870253375705561,3.5499630583193733,3.1758679526111666,1465.3510092636784,31.66090378428268
1.206358711006008,0.6942384274609337,0.0013469300448532007,1171.6780215855579,23.634538676451815
4.607787680327258,5.190597909082704,5.111291392372298,995.9051213572038,36.3824959457528
2.063337184057925,0.676125635922149,0.46851908527603126,4145.983662647268,56.228160453312405
3.6426986104807546,8.003565078223616,2.761695578208995,1499.9670815383627,47.746162352322116
5.034172708548569,2.3371208191043302,7.069764874557162,4642.906531135802,60.80262949282803
6.903948286293653,5.400119146045106,0.6268962162186587,4852.639974191436,84.36273968411847
0.39312139841098936,8.800790875614583,8.393384923560024,2899.176302691777,54.519442880676905
7.994103989090426,6.5087736904719415,0.03819922658583108,800.7055010620594,45.126104319115655
6.279003894909078,5.329577865513353,2.4682386920190225,1935.2863925599481,51.63072544709134
0.8175903194887191,3.243337531153756,7.409040561520714,4008.8880904062485,51.01942797288883
8.735786241067773,3.330019130581979,3.162701497293068,1900.2145706156452,45.70416441189792
9.208724005318132,6.694869551981901,1.0189238806601353,526.3843696836648,43.275773469147886
0.6107795985486375,9.941393612211675,3.6023391880042785,2828.2460635481207,56.90763776965289
2.7687764814720373,6.618391898493786,2.7039328638452553,4241.09217233057,71.34921808873938
8.062012797930613,5.577834173700249,8.427119021605549,4000.0392970031617,63.948588822895914
7.482596903836583,7.306505102392461,3.1334791758514315,958.1033866387309,43.480825139740375
1.8452101935637732,4.652056122837181,7.889324717760072,3396.546610621087,46.32292096773234
2.093493233367103,0.6014234260078521,8.918721448107348,1180.4708908346709,17.35764648972786
3.70472102791382,5.6229681587790985,4.338174195765295,1169.2169193056438,36.667856015565874
4.845229851910213,9.576252845053801,9.09943143854392,4382.951689195407,75.28516991753725
6.1825477153029595,1.7530294235765964,3.7731805396319285,1323.3778684271279,31.03183788719413
3.689136395697724,6.900048908206657,9.640784164901081,1389.911997938255,34.69769517167142
4.625347161331479,2.0093368865905648,0.8928952452557293,103.20161473036782,23.029223587614727
7.474709381337565,5.3582768447308124,6.870192665032428,4366.278267215037,70.29924232753433
0.366832028905979,0.9667644964671962,4.938140404569287,3983.7145847247602,48.498881370277566
2.5243694434402073,4.503709362581851,3.8764880545564706,3173.9117819443222,51.13795996425325
7.133495858845524,7.561633288952461,6.327118787486009,3776.302243300327,71.40235614170886
8.952068376871994,3.4757152423898208,7.038570916343312,845.0379803800098,36.13575563337146
5.116774421156661,6.64911724487218,0.04363269650309087,2345.7856134791195,58.88450978298912
5.321134852653157,7.954499607897292,1.6695308874719872,1820.9749980090264,53.58334275490828
1.0717201133977605,9.271778194794527,7.130460506343187,559.5049786593809,33.76601287804544
4.474123668234546,2.3464208185545354,6.663854135782064,2482.039377553128,40.25244683942694
5.326172664550231,3.993159158093081,9.660475051286772,4611.624286678913,64.44368507694988
2.4247050363472966,1.5241601333041743,7.61037790250783,296.28968334840295,12.148754714460573
2.6924323094938094,9.924835021583752,9.50772707731338,1528.15847611959,44.29592329031184
3.7728416310462265,9.270009679242953,7.02540501534807,1116.9505874079468,43.40257420955647
0.20071197777726368,5.399571302805596,2.9805220863944317,1266.918602961912,31.501942767740672
3.220791655831783,8.420332943764212,1.0536492225085647,4551.329304208939,78.30990600875907
2.1144800699654462,5.209579772720422,7.818238633449356,2393.5383657480215,39.53572945311766
3.2749735217791462,6.2358568800275975,6.441492214759159,2384.867123405112,44.70873929302226
1.1976213181925122,0.8912443211601662,0.4818601239329623,3826.820648030883,49.3763237521241
8.90527280739895,7.552704204968079,3.6005046590097836,857.0117996241364,47.52820807435845
5.935924535540487,1.2771348363523483,9.567998154842861,2487.600235090249,35.61915305926746
6.791023191444896,8.260676302525283,5.0040114571020125,2206.9275491931926,58.93071850677266
7.891712386073383,7.820280876703859,4.327291360197046,3024.862383678615,67.37903074496394
4.984421989290572,7.087446977429765,4.57699605159294,4997.832745927149,76.65957340831271
0.8692028808742369,0.36160380524762115,2.0888272400516374,3870.2995810020307,50.13193357284245
5.371065418185478,3.031283559453286,3.6870717086479523,2049.5419447853933,44.06475205630083
5.868411180208791,2.631125699108429,3.698132559871766,4155.009956142831,61.24467266997109
7.4543947418433,3.6013640747151907,0.523550201874724,936.4709802311529,39.86654498577971
4.316595462296794,0.8764274676383854,7.675676285179183,249.27206291390462,11.77000973168262
1.2758030279556376,9.369578230310628,4.16504431903879,1101.7970250749381,42.38591680291729
2.8377590579872445,5.538022407123763,8.221798868164234,1768.0166249598724,35.031065172314825
3.630822963986351,3.0552431065802352,8.503480011198954,2601.8457115518436,37.01310641168045
6.459172413316012,3.969815170742834,2.1199405469865806,3114.1327886518793,57.86904950713738
5.707783046689119,4.472025405048356,6.573534821701285,4561.968014350667,68.54042551191027
3.5609672589784624,6.005943333606173,4.722818041629817,2598.2846467972427,50.82097826159654
9.865152487929796,5.156794276964978,8.80156737921485,2556.250658666074,52.0825925153079
6.057748193568871,9.193919732144174,2.157406791764541,346.19074813261244,42.57612418601305
2.372267917359945,4.969634829058302,6.778132003100442,271.0666080154966,22.453612530901662
1.0178247262040374,9.921580148233126,6.077521222527226,2800.683813390223,58.1702183110188
1.5285913918433203,8.514249577450958,2.953014775718328,2247.075204916888,53.461250366041355
2.459577283845081,2.085105143573358,1.3660090365117261,4211.983935403463,58.31572870131546
1.6068137325955567,9.305952146439163,6.516397604772766,887.3299650880414,40.37543884053121
1.8656702405130576,1.163663978854761,7.385974581323307,222.36114437354303,8.192955497209049
2.850951686938471,8.174497084911916,3.1562734376334998,2300.289962857617,55.534417027803606
1.7337359529475482,3.806232934765801,6.448326040223138,1263.6449280860618,30.668091692893228
8.967654246264251,8.779743204450694,3.9513090761150327,343.1104293603035,45.84245078350891
0.8023374566164221,8.680566901074503,7.132068832826177,3650.5316055533817,61.87312220618887
5.245113895702547,8.059254001176212,1.992152748940531,646.8056997905127,41.43511600213299
4.103968269896615,7.900304363070614,8.902150026361744,3080.765550038081,59.88439408863304
9.823786169086064,3.046791390980408,2.8740959646557975,1477.143775817757,41.40404967407854
1.1203890216805235,0.8091928305125218,3.677859877561529,950.1306467396079,17.586763677877354
3.9785559904574166,4.029801787651614,0.5809195208034978,1960.7824623046556,44.27412802607478
9.69470433275369,1.7352451498650867,1.115122123212764,4027.084303492473,70.51119780052922
8.655071258939802,6.9495108890246176,5.158619027123281,2021.2585268324062,56.16988562425382
8.1707207094928,3.4609972653778556,2.675926767279715,3778.771281134173,64.08426875472537
2.579028270449398,9.756102008599148,8.354802257421944,714.8828543158384,36.4322083021386
1.7088758739006582,6.40972077345332,0.14693388654953843,3886.5799563588876,66.07783513333104
6.68643219924431,8.224805636343609,3.7909404867193617,1260.9732920425784,47.99087683896484
9.293759891275858,1.3252467274184843,3.3734554676909267,3419.2263364554765,60.0303436694374
5.567628930139298,8.620144822726225,0.19327630917601035,2872.329618720882,65.6883390715303
5.7161268946989985,9.227571905133944,1.2436839900051022,4652.809114337268,90.14508896971968
2.7997909366028417,4.870619188189359,4.136426749186352,1997.8803380790387,43.87507038735094
7.694929331919369,6.062529377509774,4.928645844474467,424.2094252887582,38.193889191274
1.8704374855752337,7.648098009029955,4.042897472548691,193.86187920113923,28.89574354634992
3.2367923640424365,1.7483862726041255,5.309376784120938,4151.60694876649,55.13296549295971
4.254364386164168,5.0256607646344245,5.951316749056815,2671.2046245410174,46.840124358136244
5.07610378684455,3.986630277723131,0.0992382112783563,3898.6958539912516,65.4191268890752
2.4240973241508024,1.4637399216224911,4.640951594535039,1248.685440056422,26.128708291597913
1.1483682473920354,3.6753442229153146,9.634992408875883,1790.9103530148452,31.7771501732117
6.1062004244163255,0.6817230938549357,5.190322801295487,247.5089738354628,15.934061674716066
2.8863055324025577,0.25811906949486985,6.775422674589532,4811.31239041315,55.58144532791245
5.812382214226123,1.3516628915482276,3.118638579168832,3372.5527428339856,52.402020958915735
1.5436271527420231,9.631151115891738,7.739913781527625,4672.704930020601,72.5888756331358
4.811401018548175,5.49529535895017,7.729214818761151,1400.9323964024543,38.41814755397788
5.325894325515859,9.6582216115322,5.212960476541389,3096.171695005738,66.43517132713507
0.5182353682242691,4.32497878330132,9.760138232792135,3424.649844633925,45.685379521782764
3.366042781939206,3.1181613308525957,1.2555021476265338,1655.9935312621833,37.245001921211845
1.3441467693897424,5.061418628402441,0.16947664889580993,4255.735251576587,65.47896558052143
0.6337497047276774,4.3951168863291015,7.701582117570959,4741.091168211215,61.63365636649434
9.899602323899453,1.0566468426174391,8.071555373648826,4435.790076710421,63.34614682871212
3.2235384497472297,6.408263146902062,1.2020722912057624,3721.4281821029253,66.12445930714215
8.09874445854635,2.160381825095996,2.6558283295860607,1459.5769306522748,38.03208898413552
2.5464065476376385,6.195879548978295,0.1755236336662891,1479.9186063175955,44.57202046497777
6.8150272222392925,6.502010923981533,2.933086107805647,4820.465570185585,85.05637227434754
7.6022785988968655,1.520248531286481,7.731418739186715,150.39403008489094,19.25633525390195
5.956387406078443,0.6134962711066816,5.179605277125789,3608.644868886508,53.36740162844592
4.715761885501584,7.807615860684399,3.480955931682881,3560.6061965207846,65.9373446631814
4.118409141472686,4.5980042376932015,3.717392949063303,3151.1787506540077,55.78254174250634
3.4886826654299528,0.5816379550547579,0.013536257154681541,4951.533345825643,63.99417944894143
9.29529144247826,9.948663171697671,2.9980052756523587,1628.2092352422537,59.144832314667944
8.306194077877292,0.5778056099636664,6.464587416379305,1765.862132586916,33.61909623629688
9.650269106665126,6.950352288585532,9.741944438163571,486.80307443812217,39.361169356506316
1.2429722348554473,9.836789252634135,8.470608269838994,2269.7108690643136,52.58296356201195
7.308674752036443,2.391801042159256,0.23594964645529126,1379.1377785507557,40.98395231661387
9.383404568210379,1.4224936868719618,8.985606046748394,1782.5948406704567,33.40628230967178
1.8123306616566015,1.213849394224289,7.83198413298626,4189.401772252575,49.42259176480925
0.664962673667775,3.0327514756759557,7.803761235709804,4683.874116284729,58.21770264463251
7.4112064929005905,1.010458110106467,4.579957590035715,1010.0920528254096,29.51499041199263
5.744731131799119,6.9216134169413195,3.980052929545028,1925.2937646119829,47.50642778966528
8.41828776758272,0.6229179813006269,3.029157288331926,4650.289754365431,65.87783116390828
1.397723766262895,5.094221281497897,0.6569485895436578,402.8614573771909,28.075649309069902
7.952673118598902,9.966968538529768,2.282353634936991,552.5665877457548,51.16232508577772
2.0162732004774453,8.139702695060189,2.4660363497802464,897.6758471105239,35.49213301749174
1.636559428657045,6.152194382310109,4.840770697102016,3016.542887221686,52.835735322915966
1.6426579793099294,3.062536207866117,7.4744440659669396,837.3141279293876,21.30512224171503
8.14574720231382,6.238958362916385,4.7380982839794665,4843.574269108594,83.2128850949006
6.651972206962001,5.270414639116517,0.5784444944716061,2288.9011835667498,56.850277417905055
5.230654247691193,4.260833838903714,9.57789800988204,2557.438005715815,45.65969065368979
3.5883048412350247,1.3071037674019947,9.427243190941123,1308.6272174464918,20.709364650477447
8.772005408131083,8.866042152404667,7.851895431484084,2407.705236930194,57.73226615677954
3.924451074226354,4.497846488213225,9.913279015642205,3343.3767999213565,49.86567630132115
8.16599439471577,1.9462251182076507,5.444823328002629,3780.7679710748093,61.48067442075536
4.391349085702184,3.677593508772896,9.627683502532062,3793.953605278574,56.87976900578806
3.769444294249076,4.1412975252892705,0.7560504061675077,2931.666452201033,55.98912257503519
4.626797856696064,8.275378955668742,3.656807482613713,4531.3628974699,80.1441473119047
3.0137787416414206,7.336143805614021,2.253812680067658,4105.298451799936,72.41947876120082
7.476093801762511,7.693048936413398,1.9583308413427003,3809.5357620232644,75.47155232904565
5.027203900924792,0.11031264428647214,1.4080294889267608,372.46705623425703,19.873107948411935
2.322126951468173,4.161539981797615,6.224136415659967,133.70201487628162,22.33806316645181
8.995745732745684,4.813441516353237,7.813218557473051,1140.9916582578176,37.23880440352299
3.8389122137321143,0.19192276823056686,5.782983994203606,3351.265610175916,47.19740493014985
5.435528611139886,2.598132087450342,1.4696270958820967,2114.8676955244746,43.68361668571421
9.06472110964547,7.60289823122135,8.111237699334708,2071.7906705666273,57.86186046704331
6.242379959139921,1.3710970572899905,6.359547071637285,4434.475752325107,57.962893014553565
1.1689804070836407,5.353101314525917,3.881657061269955,4488.25795584601,67.30895479645972
9.398321236134752,2.152018720172375,6.74130295536063,4554.95879386257,66.8122733660029
6.277080530714178,0.12120774643893273,2.5990497924283282,1638.0025749236338,30.66908173512823
3.3490561465708613,2.412014575995415,3.451922084942105,3486.1734824223827,52.90050148394843
1.3927207266338726,9.758737549100537,9.174858431319903,1431.0025882444113,43.6400359910183
7.9402518927029595,8.015371118829895,2.905045056714204,1033.9881820648038,47.693759522876015
6.200727559285135,9.595766443210334,4.699882681579366,1004.6990410021092,45.63958325447846
5.334610919763215,4.878540439263625,8.901411373960146,1776.3273422316108,38.87643999748994
8.938925830509577,1.097361986775035,7.077213502675274,2206.792336921126,40.967632921683574
7.885972112245307,5.47959488973693,0.6220322616470275,4171.650938169835,77.7190617678706
1.5167487973275118,4.543773345599609,1.4730304427897034,687.4663580162893,30.935378840092454
3.1172206779554825,8.44357082739616,0.07841590771916818,3701.1366522349817,72.59887833750928
2.4848913981446574,0.9808258078424459,6.309217902291634,2704.1290795275963,40.62248113939595
7.43946292572677,4.882411370217782,4.4767342541041835,1510.9321791123632,44.44627984022464
0.3353243473577938,1.5004866469398426,1.3427485090227553,2514.8159642108403,37.366761259458144
5.698896848713165,3.2467592689005995,9.579341210567705,1569.716141907411,29.559928935621997
7.624586857406905,7.373570773877996,5.296597239456199,3020.8015806676995,64.2569067473938
8.767656367617494,4.7601812936876655,2.418932941128892,2225.8352219906965,54.2185831736012
3.4208174871590744,3.7588828514576935,5.006035711547075,905.5870924865058,30.49887816526377
8.212573046720129,3.944762785700353,6.796203327351078,671.257065322914,33.022101108342845
1.1063173695520723,4.594467684059866,0.7623921797356448,2778.8088421534376,47.81260326301127
8.464522917345182,7.850165438370569,2.74703815047892,4521.823863101907,85.13790722530644
1.2748866233198242,8.920846889402345,8.069654908839937,1785.392664132659,45.341781234430364
3.9728729056036727,9.553346865039282,4.596648704026612,3691.7005253908537,75.21909578966131
7.972953657795536,7.869033862552951,5.465771420322949,3327.440639204858,71.21565804962943
1.4991742734877378,3.1540689574801273,4.328160022094693,4664.619080116457,63.973657891624754
2.2925139523264146,6.881347060865421,0.4389994264300512,4122.80698476579,71.55138099111136
7.222525683930662,4.376031240553919,1.6574977982015593,2876.3657686367687,59.65665052629382
7.200365365460744,2.5467062204605115,4.455416387418909,3319.4494413471257,58.40540142680707
6.411476328852973,8.408715794259226,2.0918546540792784,4502.093686261771,80.90253139250663
6.939484444671001,0.38426348962324997,0.49979028659678737,2057.6420444759806,40.74763689479373
5.427244433475962,9.017619921354235,8.436496640518238,1701.2940587031092,47.71622290259991
2.5179905890695276,4.614774646247342,9.811925291641158,152.97430981246205,17.790046543158358
3.4569599350391944,6.3720147680828045,7.931428739967394,4150.100263538175,67.14549506948173
1.8159771680142567,6.593539222057827,8.53784921704667,4024.805431976488,59.724070336442004
9.084505613336283,8.951177407065364,2.419771303170454,611.8271386907418,44.922593286465926
5.833917947661204,6.366696821672074,9.606269755131997,2926.6011675502314,53.50291940599337
4.008514167636399,6.139335847600618,1.9692570445342839,2373.510321017748,54.95390450013416
4.620058036441327,0.6665204056068996,9.514298103618323,681.6745679946462,16.974095450907136
9.472833396118153,5.18408021945204,9.94819293965951,4904.784312597545,77.12547332474443
1.533514031160802,1.5016900081704165,7.117228057460487,1152.0098485704416,19.89737989166221
5.862298320167972,7.374337687214856,9.81143731791822,429.4474824437496,29.1542677323688
5.05888678884466,5.122219208126745,5.695397795671036,3014.752159559357,55.876590646755325
6.1145423543464785,6.802277792083533,2.595417831760903,3720.44671795186,69.117993739417
0.18110183820840509,0.41672900602384266,4.369958856656209,258.9728856312161,13.90143873878908
8.721239089441514,0.8479201604580322,5.93560935378786,3327.7164297624086,53.68422839585261
9.321182824836123,7.163233880626823,0.7308156202701499,2708.230192162127,67.08004863506446
5.65133183589209,0.7208433599867337,6.223432646172461,605.9985434877372,18.89288844773262
6.966508238768922,0.712567277652586,9.811778367622946,945.3669970371741,21.687183741806468
9.224993811772958,0.1210847523488745,1.9010764978372763,2883.0740568487945,50.59086282513879
7.072386343133986,9.5650139829948,7.925951162883833,1552.152306215113,54.35035392251518
1.5253904291426135,7.37508359459007,9.078987937796194,4697.747070391449,68.99710973579548
5.762883601668132,3.5325140850206416,9.437015928202207,4111.827124471849,57.69360245375303
6.067150463828559,2.9653558128765525,9.601356044054473,4919.479311916949,69.88843367336081
4.24130671302386,3.4970322974584955,5.214596387214719,1372.3871108570286,33.71243219757804
7.3644423562472285,7.746535311811819,9.773079079915037,4851.645800710087,80.69406009302402
9.343670147690148,6.613706110704144,7.573102071344389,2213.0459619786334,53.89067503184802
9.255685129067764,1.8519556786746794,1.616714362369619,1802.8420970373977,45.651354753781746
4.508393714041321,1.7410933533408435,4.7690010646797,346.7126821498309,20.435669693519092
1.1323804584075525,0.9839564971339732,7.18331175372004,358.54976351205283,6.781349227654443
9.848411989623346,6.603027197013382,2.473403158190833,3490.8551541386078,77.745884581085
8.388980864459342,7.643726622217359,6.406151835488874,2343.852072726737,61.30644566585601
1.2466268120326685,2.6504642832500402,6.666004790466192,1209.955967576918,23.135265179185115
9.208418826173723,0.20944961030912812,1.6269974380856589,3108.45450099364,51.589260355972435
8.698963620621283,0.8217166747642735,5.650853124527563,1339.0047794255447,33.5370550151776
5.188380571260721,9.678600348450304,7.716269109786077,2930.3955962876707,63.74015397993627
5.912754357449293,2.9544477747742026,4.988956645359419,1860.1228602151828,40.57886082702831
3.9900270387013026,7.692231478381336,0.12103116776107425,4135.405910397913,76.83180198261154
0.5476163882203133,6.2466356885426375,0.09038469079292177,4121.411187757219,68.57422296907819
3.3519724164590095,3.8193963965289592,3.570293439700122,2439.0169507997666,48.29093708309206
8.028534485980114,2.0568726219555513,9.26194068431782,1819.0136357415763,37.24938536721429
0.04632023004602859,1.2138641815940643,2.286767796036088,1876.5430031395633,27.48349203659387
3.334991716911442,6.150129680388666,6.343636888716872,4048.0011757742677,67.23931235078953
3.9816869359094333,7.74633780637788,2.2207587069332058,1708.0794657082988,53.479639996935205
5.373956029379229,6.439042535411307,3.216699896595486,1124.3909311635455,48.489863266661246
9.198556164127606,5.303021332491583,8.48042089601484,514.9728751890034,31.47770736681636
3.4634599436596125,0.41951223431636264,7.288614422699469,2386.7962923336013,33.30908302821742
3.469532018962277,9.684887775943839,0.9539927731321063,2462.447284707225,58.92280013586518
7.3750124810974835,7.987141916545745,4.287020209864336,4220.452680974245,80.05417842564711
4.522179408898071,2.928220367009647,0.2916976364526447,1184.0696125857135,34.55641792394216
2.2460482293998196,9.799703293588507,4.80890146603009,1966.8572409751596,56.574893111442414
4.524395161326934,6.018815896363221,6.62434011701068,4061.1881205790855,64.27194363164148
1.4085702037979986,5.824226582072464,1.1850262359815156,4135.755692669971,63.467586375661824
1.763869865062233,7.4807317942953215,2.8888493890916567,1984.5942722959642,47.362200135794595
4.983677727394797,8.117697880901375,3.9783662550215695,2349.707714104736,53.337496636937146
4.189254495045479,6.564786073315027,9.195310246560497,1586.1008651614864,40.86374423992478
9.148459010681,1.2809574636620003,9.93255015422964,4669.518904254629,59.55755497098051
3.623938991166331,3.382675059944984,0.44911298995615856,681.3544521337435,30.313942830359547
5.805883502780435,9.280836403260498,7.61007923495392,4675.372172707203,76.89893511472762
6.322642879195303,2.2461561184385195,3.717240664023432,3450.9456139931817,55.250974481724356
0.13094456588333636,3.7216702383751334,3.9245818622948003,2704.7035481649827,45.90980237572693
6.635373720167106,4.32076882944196,7.542649733470227,260.02939784402975,26.533922681697216
1.7803596686975143,4.394049896944522,9.184264321454087,2430.4213399278406,37.04862611330203
9.610703174694551,6.129395824945255,9.509285945025484,2097.965714513388,51.147508546635194
1.4866272775311296,9.430758377447075,5.771225860383208,889.9721786781005,38.97136653040106
4.146241237270237,2.40692711832505,3.571211593005028,3316.407057153219,52.77479932193195
0.8534966807864386,1.2150137630091806,7.875490858587792,4858.6394461046,52.29496630459917
9.968742518459473,1.9747048985993731,2.5100138326230024,2854.725174216173,57.112248481421034
5.021950103312426,8.869249002092696,5.640740288335177,3602.2910545753343,64.67943465441299
5.953850173200438,6.458108126552061,3.5857846152487314,435.4072175734822,34.58456403193928
0.6707647738842748,2.859067892391601,6.566310737078761,2146.5682795032744,32.07664126485631
7.499604703991778,8.159469389686173,2.403989128935069,670.1565773060298,47.21231082647081
2.0990559309558576,8.61369996363436,1.9159294573482577,3102.699594128901,63.83916199481418
8.980542894407137,8.465143386902781,9.182390866754371,4698.562575249358,79.62578158689429
2.0513964048200717,9.189265336395545,1.018036829495369,3342.710889111029,66.48934375819987
1.9068772066366657,2.522410201733616,5.059579077349317,476.3349367406655,19.267471623441192
0.3654966784809488,7.550419287462783,2.208527829630089,1837.8644044269058,45.436274767288246
4.720669451099992,4.6053949727414,0.3892996332566745,2798.2505592601724,55.029449348577046
5.648411332626164,8.419985528900614,0.3601881829142639,2075.718005052936,58.95790510978192
0.6570863942835237,7.284906771616132,1.7522177210582734,4184.855651328344,70.68657130700936
7.755276166950106,7.764474464997246,8.667703545060002,4091.887923078947,72.2598909529093
4.532888347480276,6.561618376810715,2.8247874397702666,3097.971998505785,61.18212852047663
5.243902693275801,1.7742876946970687,9.504591705752958,1929.9439311502558,36.43629405856706
4.407627469382281,5.450269188969383,5.816222929891936,1351.1482314398963,35.08500828723606
4.00763060875326,9.846697395245082,4.366141897687661,618.7841592443336,38.746203632848946
5.596403313082179,9.373880664971189,5.800888346694546,1838.9986490841147,55.98558410579506
1.552402459307125,0.4317373579701167,5.166983852262677,2124.5453343178256,28.12913045221335
1.8192813049527112,1.6481481572943713,7.587762537573251,3411.5323330099604,42.74037808770611
8.617856210135173,1.317287734545619,2.8249606597285224,3324.98313905811,55.08256162615715
9.461154621336327,7.259799099852955,3.530503916003024,443.529884242159,42.72642432652042
3.7330931627975295,8.17785329856945,8.940943025332507,2036.7706456126732,50.66811264560683
2.707446731435538,2.1351136631067194,9.464565131504054,990.7164493650733,21.445810534303025
6.439995432390157,5.05852692951829,8.925582274864745,868.3822560523479,33.788997781813656
4.087341710980964,8.407030280112,4.194479939573136,4153.780533712505,71.65945955271806
0.2538635566034486,7.328015447662506,7.803655030068817,305.3845619096619,21.6487170699835
1.5615259736619036,5.422372054918483,4.763357333010988,2153.9960919203945,36.99666536501117
7.159722288473976,5.903476904587729,4.975398521461022,924.1979132559392,38.14609466311314
6.589239419101514,5.0836054691628,2.0468010905728393,4408.718056824523,76.54665865200298
0.2709599250348349,2.9754845131882055,5.911303032585165,2829.4985150476723,41.26272631991106
2.219721619329494,5.650219928590161,1.8613589775334793,1233.7651182465554,37.488397929497474
2.310747965880714,6.888853020500907,3.3156469906719375,2561.8937071152445,52.946944013117744
6.718927435987284,8.733229158608077,8.550302016199351,3684.2831625452677,68.82622257460363
0.19710537754364155,6.362913539792481,2.0707580921085524,4794.778243705226,72.48948402554393
1.0410858198457384,7.61121537043158,0.7115828517343281,1180.1854208025527,43.21169507109998
7.999160853731894,1.60071634954573,0.690075926128163,4442.290683433791,66.50158948785096
1.7854466205433361,4.6155747441978985,9.407845205031078,4678.090159420703,62.18945855616038
6.527461078518747,0.09331619827093296,5.069204379618347,4590.460668207124,62.724754157817685
2.381827810467265,2.46678864521623,4.094120718170183,3213.5303486233583,46.950695518878135
0.9944139275934516,7.264617151130048,8.108785810079183,3186.1212067300676,54.80699125067796
2.4317219099945406,9.918099513493635,8.35825927910516,2075.7321026007317,56.47120228457316
7.2226693185565916,0.9917809958721591,3.321910331156046,3786.7496232885605,57.650356783271064
8.556964681062858,4.0149431586128825,6.936180574737953,2703.3406899195666,53.75664534259485
8.302198645669916,8.000709686991595,7.711228158518866,3419.446549018643,67.46219535032866
3.9718352961845484,2.0403563462889887,6.546506868659545,2199.4437288590975,36.86907655513482
6.680851365706461,5.550849493022863,1.5159507480009937,3684.3326738113815,70.14632002119428
2.0498429541582097,7.330712960296748,8.75883083517057,4139.91043626229,64.43150503997178
2.9314773026101326,6.159854502601791,5.390945527360087,817.537657353799,30.541892617179865
8.963358185211197,1.8802473461541613,2.8247242637000367,4181.355606313717,67.54721098529022
0.13001923510736035,3.553845686857394,4.252281854376939,2747.4530057725055,45.22628315058792
0.8550853085446808,7.837917844853973,0.3757109039890738,4238.862954542099,73.78761274541293
2.078862551460273,5.542265141320167,1.2786680122241756,2213.3783610709716,49.75304665712005
0.26532203873819715,0.052296135429127366,7.655467505158608,1957.2983783768716,21.972215735264967
1.8143543508979731,7.6099076002809385,0.00011634755366141114,4583.79758933439,79.08396055168697
5.830415609696922,0.3531135494023907,4.165658284822921,1330.7294109871664,29.328578789533157
4.214245505924979,7.457337827312322,5.225101810855884,4236.640393902101,70.20419349595893
8.926717110769749,2.024805601652374,0.546344200009723,2471.70080529608,53.25979553283439
8.17443561738441,9.580734801193802,9.730781629723328,2619.0676685011726,60.6899921574689
3.4181735169787597,3.679407513020845,2.261253312496719,1611.4945792984718,36.913710988738664
2.594234334312925,3.269316163380791,3.0419871963628085,2907.906783033177,48.480379158475074
3.7969240816726693,1.4888805033244468,3.0394251225502735,1693.5348617534355,33.907999422564444
5.902949425148077,3.0560421549021486,2.304166621173499,292.42012978409633,24.736099271490694
2.6806364082287626,8.766507618282006,0.01473822086311416,1432.7931661873447,52.35838864142424
6.24148907849134,9.963343376272473,7.293447940879964,131.25731269229433,39.43372980106212
4.0941165219124045,3.683095305068483,9.668454997992853,4893.938456578598,63.21038574211118
5.520471808519803,4.486106309545425,2.242934832850451,4832.161328116763,72.4994823420621
4.361265291353167,7.220709382027371,6.630471918034225,2036.2609576142947,48.03599989204404
2.9446575954191765,8.861957804650745,7.418963269587151,3669.0171862642655,64.95120207008881
9.484533069621566,5.930443341867841,8.484253790905248,1794.4498822110825,48.73943390441357
7.636057941597608,3.9152569817782936,4.226291970136091,3388.356469721283,60.17326877160775
1.4011317576645255,4.126218408486237,3.0293090564042924,4046.6072109252977,55.83909298907105
8.684679758979128,6.956181464968068,3.252951340230311,4739.10559899198,83.77888407397603
4.874311982495136,0.032182636042786816,7.126213330985128,2061.040151663393,30.264874527361844
8.945522268940914,6.195893374598407,8.16779466505636,3938.160116484634,71.38914538924547
7.998552559473152,3.554930104413574,1.8161396775660266,1403.049408097382,41.703109154429356
4.252135044692334,7.941973312770843,3.7094100815776523,4952.628288588877,85.40735800002186
0.22469308320117398,0.9299063982313216,9.0194019674915,226.2710339453206,2.0818328910382555
2.686773593849461,5.882022669483905,8.066935196947393,3057.2911518554924,53.86352838169674
5.416342146608669,4.809728898861238,9.848584027624758,3331.579310091503,53.16740659860016
6.334782198261473,6.423255259052274,7.542482596820808,3471.4232296632313,64.45123088952151
2.578876854332023,0.6485359448296835,3.9319520102792227,689.8991360665361,18.616297462075845
1.3935607407282413,5.799837874281312,5.906378339946378,4698.795939018339,69.95062791908359
8.34930236799299,5.614845879595237,6.610142542473203,987.7980673454057,39.0541824528528
9.84402180703552,5.606600944161709,0.7845581631712395,3151.491675875221,67.3156528161829
5.256901823026858,6.034876665964548,5.444969591038651,1191.1127877031163,42.2797112599863
1.716792858483035,6.764679372263622,7.093208284726096,1605.3604434042275,38.220322575935505
2.7230732651936895,8.049889996807698,1.6732130400106038,2777.646854467809,60.75570734172569
0.18390676547466733,2.6982072012821434,7.806317174255572,2144.247750966425,33.12704231491563
9.14298806560499,8.250494101800621,5.8377278051411166,885.1054447848808,45.29013351142787
1.1775108289014113,4.982556822634536,9.522217856975946,937.5883718621566,25.267305956862593
5.765164755142536,0.7705827913433116,0.42422298206891695,2148.909461997718,40.45928623605457
2.74055220687206,0.585509292439792,2.6532613755546697,3810.6865935499536,50.76386739006369
5.541780025157934,3.3423831869606078,6.015538792998241,4500.026769554164,65.79791483845041
6.514203883518642,7.8489697711146755,2.9655991220593068,512.2255450709758,38.54994285882123
8.297418037072017,7.076809347409157,7.144241640712422,2026.209147041065,51.698326168188274
2.064212717606032,7.886149646724064,7.59005282521931,591.2032622420954,33.835818775247134
0.10995828658480478,5.172690564416094,1.0251596406647445,181.30315509972962,25.656918128419584
1.3688563006880727,4.401989979554905,5.138544642067677,3342.4215449553876,51.2186510527511
9.00018641848105,1.4745252670628395,5.088905555910559,3052.0022656362803,53.10395681285671
8.738900775625153,3.2819275360931153,3.6928077021554104,898.7936576929424,36.019813867171614
5.974131021703083,4.340193661738753,9.32924862569672,1245.682882156014,35.65242765442089
6.005168604336534,0.8860042967961723,8.275063198732212,216.16799285814005,14.708675222756092
6.650366745462555,2.2061195271121123,6.972093819096368,4191.241307902578,60.894852380173226
1.753712786234496,5.982252940637388,7.143266357349976,4875.983920637902,71.49483466825839
9.144119459249598,7.356631142391898,4.617161438131191,763.7517302939849,43.57336993997099
4.187705248920731,9.983475113929497,9.209945210965758,1234.2285474499608,47.49016429073248
3.8313852824949746,9.331133313435577,6.945954272532854,4355.206667339977,72.62010078871157
5.189177052828375,6.425651995351915,7.289810616558165,4639.672609985306,76.21409531314282
0.46965966775055046,4.21248053294072,8.616909037873452,2156.1741757533705,33.435172385733935
1.662833687560794,6.361773647082327,2.74071589342191,348.0501141184632,28.653072401159164
7.380336164263705,7.85651618080232,8.07070903866703,293.01998509481507,31.791265168316585
0.8279866792512647,1.1833619092338732,1.9524060295649204,2912.3543437381513,40.461932765022794
6.031521094663882,4.099048896962882,3.453419522448878,2025.1860335765773,44.01373163566616
2.4534910968132095,8.398022856356173,3.356104542698427,240.39689513050712,32.507865503969946
3.8929561404197655,3.83832951933044,9.785254683891406,2957.936722331528,44.95474861680186
2.8869373677069987,5.718722712271865,8.565372237479268,155.3824292862101,23.531248116568808
3.5567271646494913,5.877693608621982,7.011698615902597,3958.1225949314376,63.01405880474222
7.1904590518424545,1.8447625313363936,7.270567616153901,1601.5208312465206,34.75758890921819
2.9712171562317504,3.622354416522884,5.6207279440257105,297.26421474523727,18.673587201390376
5.664046402968972,3.3451128874193214,9.47090667108519,2982.925882817451,45.45569580088562
4.760504021990997,0.26196708532064794,4.962587528823615,2048.653630721968,36.9170725613868
6.636711653626481,0.24191763891355245,3.8051770986989455,4871.622025450032,64.00050266399847
9.36829739324758,8.316970436757735,1.63035336931591,2766.5734462681407,74.1926697792458
7.325720972102503,2.7307080997281243,7.86205652261058,1448.6719870813406,33.95389265791516
2.149403785907568,5.180787662388155,7.344439320755915,3576.250436706476,54.59871575342759
0.3118313506128467,2.9872557358877305,3.8435503852413486,1430.3108124592854,30.536174425449964
2.622640442998251,9.406792451153406,0.2519341395922936,4530.792127897069,85.05071377563661
5.9507793070025485,2.5929675886577375,8.389973277180108,1936.1376554861445,36.158366089271325
0.5142581348425035,4.296568127389351,0.11417983454073632,2794.3559576034054,48.56570115518738
4.963662472012364,8.727302504846019,7.0369977962905095,347.8082087387214,35.59299336418588
5.968428489168892,8.419335667918087,9.70257109726057,2187.994065965931,52.854266522411535
3.3424389081696084,1.8610141784627732,4.376613281482035,4178.581344338875,58.85800134405757
7.7091220374582194,8.026433097957105,2.349734049959528,4047.6791462803753,79.76528293191262
1.065982531337718,4.581868867378926,7.0487101004338175,1199.1609383822786,29.234317844889173
0.7513778173580876,4.829688720853552,8.171281420155852,1207.787447951757,30.38460105207461
7.281887562036033,1.3347997241594378,5.464303160778473,4104.79602984486,60.60610701565235
4.954913162061985,0.8060151375712465,9.670352752561461,4658.952258829695,56.98988313476614
6.88402396427736,7.279393069737652,0.516687216579611,567.2685142377175,40.6426948963776
4.348273386037462,4.964611523552998,5.047955983045282,2305.287333188504,41.67739596312032
2.464020332391068,4.3685070261517955,7.184539473225501,1753.525966924722,35.744769718448154
8.191023176741997,7.295082286523967,8.626404711491789,4366.373431741453,75.37192162478391
7.994158789689792,7.6551289899110975,1.7925561190779005,509.27208193209196,43.39966000972596
6.946964708544268,1.5890816766935356,8.000034817636815,1134.5171185343834,28.22534803062995
2.7214513722996267,6.102251494776413,5.527070757185452,3787.094854173822,61.56087612154942
5.902306668690871,1.3535408227768553,3.965536819899632,351.33986000795636,24.040734341426173
3.6097389694002677,7.513750860290457,1.3171502857909356,2513.4233655000176,58.18829071055374
0.9158207332663415,6.569551562671395,8.652957589089125,2266.324469930628,40.31405054665482
9.173135754622429,9.56614621083458,1.5727320817971535,1738.5657770448684,65.4683273255902
1.368186309189614,0.6895801635642118,3.0978785920909924,2033.4043450627266,30.578132581338817
9.502373538208024,0.5705472115125432,2.9004553196243688,2696.7088759581416,50.79963514339506
4.460057729579558,2.8218707469320012,8.714140341908543,890.7000561030773,22.982802268435968
